"0","library(usemodels)"
"0","## this indicates the parameters and hyperparameters of the random forest - along with the defaults"
"0","use_ranger(price ~ ., data = ikea_train)"
"1","ranger_recipe <-"
"1"," "
"1","
  recipe(formula = price ~ ., data = ikea_train)"
"1"," "
"1","

"
"1","ranger_spec <-"
"1"," "
"1","
  rand_forest(mtry = tune(), min_n = tune(), trees = 1000) %>%"
"1"," "
"1","
  set_mode(""classification"") %>%"
"1"," "
"1","
  set_engine(""ranger"")"
"1"," "
"1","

"
"1","ranger_workflow <-"
"1"," "
"1","
  workflow() %>%"
"1"," "
"1","
  add_recipe(ranger_recipe) %>%"
"1"," "
"1","
  add_model(ranger_spec)"
"1"," "
"1","

"
"1","set.seed(85340)
"
"1",""
"1","ranger_tune <-"
"1",""
"1","
  tune_grid(ranger_workflow, resamples = [31mstop(""add your rsample object"")[39m, grid = [31mstop(""add number of candidate points"")[39m)"
"1",""
"1","

"
